cevxzj,24.00
zhxopu,21.60
mmyrmr,34.70
vrujof,33.40
hyptut,36.20
bwvvtn,28.70
wsfesq,22.90
ajsuwo,27.10
mkwgvn,16.50
xyupxk,18.90
fdcubf,15.00
ccezec,18.90
ojsyix,21.70
odjrpp,20.40
wqsazv,18.20
fbkhje,19.90
vntzal,23.10
aiychq,17.50
bawqqr,20.20
ybpqic,18.20
tvlafb,13.60
aagwnh,19.60
pzesio,15.20
pqmojx,14.50
vsawyk,15.60
tfdpqg,13.90
ztmgsv,16.60
sjopos,14.80
mublvo,18.40
rncveu,21.00
cmxsme,12.70
vtvldj,14.50
trvtdb,13.20
puwjet,13.10
jglubt,13.50
szfzrf,18.90
txuzqh,20.00
grtoti,21.00
ywilsf,24.70
rqsbpa,30.80
ezyyoh,34.90
qamrlp,26.60
roiaul,25.30
mfydpr,24.70
vtgvjb,21.20
rhhsgi,19.30
doyrlx,20.00
nutwrt,16.60
irkwin,14.40
usmrzw,19.40
iquuim,19.70
qavbri,20.50
ejdqdd,25.00
fmlfig,23.40
sphvpb,18.90
xtggib,35.40
tueyun,24.70
uagahk,31.60
mootpi,23.30
ziahrq,19.60
hzrmvr,18.70
ygwxrn,16.00
hoxtar,22.20
abjrjz,25.00
mjbavs,33.00
fafkfd,23.50
uwfwrm,19.40
tmvxtt,22.00
ynhiez,17.40
hkqazx,20.90
ccthfh,24.20
jutrnb,21.70
wktjzw,22.80
chpjiy,23.40
oxskfw,24.10
jwybff,21.40
styfre,20.00
gjpeyv,20.80
psajnj,21.20
nxvpsb,20.30
ikobde,28.00
xakfjw,23.90
xrgptf,24.80
ehhves,22.90
uqjlsl,23.90
kwjalf,26.60
efyklc,22.50
jfymep,22.20
ktgqta,23.60
wektlx,28.70
rwwvfu,22.60
ofvyzg,22.00
pzgczg,22.90
ndzqti,25.00
huvhjn,20.60
pihwqm,28.40
unhjzd,21.40
oyguuj,38.70
whhavs,43.80
dxgvau,33.20
upozsj,27.50
bmtlva,26.50
wyzbic,18.60
esxzmk,19.30
kcqzpr,20.10
frjkub,19.50
zzavkj,19.50
lhnzxz,20.40
tmftlq,19.80
vxpetd,19.40
xtemxu,21.70
rgccjr,22.80
tmhrzo,18.80
dilfdg,18.70
sierbj,18.50
rtxtzh,18.30
nebxum,21.20
wfgjiw,19.20
jazdku,20.40
kkqjll,19.30
imshuh,22.00
tynywc,20.30
chyths,20.50
whwhje,17.30
azkvqy,18.80
xpeiqu,21.40
edviqu,15.70
kgvkyz,16.20
qscvpf,18.00
pfflxb,14.30
ehnbpa,19.20
edmzdq,19.60
uulcmt,23.00
aeflny,18.40
bcegtj,15.60
lppcvu,18.10
nplfvv,17.40
rrzhdq,17.10
dimgcd,13.30
rffkxw,17.80
icrmfi,14.00
nwerfg,14.40
ofbmhq,13.40
wkyydx,15.60
xavoqg,11.80
ibwryo,13.80
miwiyt,15.60
ndrayq,14.60
iatuqp,17.80
ngunbe,15.40
omxrak,21.50
mufiic,19.60
duipls,15.30
tuhcue,19.40
dkanlw,17.00
bdtyln,15.60
eodxcp,13.10
wkbrki,41.30
ylyhan,24.30
gadzvk,23.30
cbvtca,27.00
qfbqho,50.00
nfusdb,50.00
mtzdpz,50.00
mamozw,22.70
oufhlu,25.00
puknqt,50.00
qelycc,23.80
hcehhe,23.80
xoivmm,22.30
bzlnjh,17.40
xhkxnm,19.10
bguhvj,23.10
jxgjyr,23.60
bbllqz,22.60
sgehqn,29.40
ktgbnx,23.20
vureqz,24.60
pusven,29.90
cnssxe,37.20
ptloim,39.80
ryhbnl,36.20
vsaplw,37.90
wxnatf,32.50
qywtuv,26.40
hbqeoo,29.60
wpaqjn,50.00
ubmwia,32.00
hennss,29.80
uxybmq,34.90
swjhhh,37.00
tiikes,30.50
qavqkp,36.40
uzbjcd,31.10
iiuvyk,29.10
xgaack,50.00
yehczd,33.30
tfxhca,30.30
wgvofy,34.60
bfrclm,34.90
icknpt,32.90
bapyhi,24.10
yrzbts,42.30
zylbsh,48.50
xhpmod,50.00
gapdtl,22.60
ugyqaq,24.40
jeustm,22.50
onepco,24.40
upbzvn,20.00
dvbjfs,21.70
iewwti,19.30
uhqbso,22.40
fsikkj,28.10
qrcahz,23.70
rrvqop,25.00
lgpodn,23.30
xsaaol,28.70
jxtdpc,21.50
maaqao,23.00
esfywk,26.70
gbpjwr,21.70
mxjzox,27.50
zkefzo,30.10
puekjf,44.80
yerpup,50.00
zpensi,37.60
ftmxdl,31.60
ljepms,46.70
dyioir,31.50
ictgez,24.30
enmpmh,31.70
okxsiz,41.70
biwnsh,48.30
wkzsqi,29.00
gjesub,24.00
shkwmn,25.10
mkyuso,31.50
mnzzny,23.70
ghkipg,23.30
sngudp,22.00
xnpzff,20.10
wljgax,22.20
dvubes,23.70
tdsrhg,17.60
lixnuw,18.50
qlashy,24.30
fnllzp,20.50
shjzlh,24.50
lrqisq,26.20
fohmnp,24.40
rxvxiy,24.80
vxzewx,29.60
akipog,42.80
obogke,21.90
pdhcbt,20.90
fshend,44.00
tlnetd,50.00
wjpphh,36.00
tqeshe,30.10
lkgqja,33.80
fcdunt,43.10
mjbeww,48.80
yfagno,31.00
zrjnga,36.50
zfyprs,22.80
cjcuos,30.70
mwtnjf,50.00
wdnufu,43.50
ccbhui,20.70
wzsjni,21.10
nuqrwd,25.20
whcccf,24.40
oddyar,35.20
kbilkt,32.40
ksckgj,32.00
puffts,33.20
nbwiie,33.10
hhyupx,29.10
ztqtkf,35.10
gyyzfm,45.40
nlgslp,35.40
oyokgs,46.00
qejzro,50.00
wyzsoe,32.20
skmezu,22.00
cpxlik,20.10
fgfxar,23.20
cmzzos,22.30
kwqkfz,24.80
smgddi,28.50
hhuacc,37.30
uzmfmq,27.90
jycpui,23.90
kgpqbf,21.70
fjhevj,28.60
btalxh,27.10
qggeno,20.30
kdrxqr,22.50
lierfq,29.00
twikta,24.80
mpkyjd,22.00
kexvdl,26.40
erkorv,33.10
wjoxdn,36.10
asmxbn,28.40
detrun,33.40
topxfq,28.20
rpfwal,22.80
tguqki,20.30
hgkjjy,16.10
ovxuiy,22.10
ljehrz,19.40
chefru,21.60
cwjkuz,23.80
qyohwt,16.20
ggjjea,17.80
yfwaxs,19.80
ismagq,23.10
bovqwb,21.00
smspvm,23.80
bkgnvs,23.10
pjnsow,20.40
pvpoqq,18.50
gzchxh,25.00
bieutu,24.60
snnxdg,23.00
tqjjar,22.20
rdsfhz,19.30
ixqfyb,22.60
wzwykb,19.80
dcbosm,17.10
othnpk,19.40
oluknh,22.20
lpefxf,20.70
fbjsrg,21.10
jlbqzl,19.50
lfxjsc,18.50
aigbwh,20.60
oeadhw,19.00
wpuesy,18.70
xgfwmq,32.70
wtwbhb,16.50
zabhnx,23.90
hwzxbd,31.20
ssxism,17.50
glorlb,17.20
kkzezu,23.10
vhawze,24.50
cbwsoa,26.60
pllvlp,22.90
dmbebc,24.10
dghdkm,18.60
vubqdh,30.10
zdefrk,18.20
helvgt,20.60
fdhlsv,17.80
gvugml,21.70
nfxitf,22.70
nlaool,22.60
zaqowp,25.00
zvlpuu,19.90
vszocp,20.80
uclpzc,16.80
fftjfn,21.90
tlmiqm,27.50
wfnqxr,21.90
afbzta,23.10
fzzigp,50.00
jcztlz,50.00
ginzlj,50.00
swaprt,50.00
bqvsxo,50.00
pcrtse,13.80
qtssrw,13.80
puaors,15.00
kvihke,13.90
lsjzmz,13.30
cgnltt,13.10
izcrur,10.20
xzubjt,10.40
zunsaf,10.90
zyrdkl,11.30
onbnxg,12.30
kolmtn,8.80
bracns,7.20
ixlqgj,10.50
gafdki,7.40
ptjarh,10.20
amwqrx,11.50
szualu,15.10
varsce,23.20
nkgmts,9.70
lvudnk,13.80
dauitq,12.70
zzydwr,13.10
uqqwpy,12.50
zkiiub,8.50
zxuxsi,5.00
aumaqg,6.30
kzexlq,5.60
fsacez,7.20
gvkylj,12.10
bdlihm,8.30
yfwvbm,8.50
gaqvkf,5.00
iuzaqt,11.90
irwddy,27.90
aebgab,17.20
koqttq,27.50
wyonbh,15.00
empjnv,17.20
mjbxaz,17.90
xpwerm,16.30
yiqynb,7.00
gjexzj,7.20
lmydnn,7.50
mzrmyw,10.40
lbomdz,8.80
crhnyu,8.40
jxqpjc,16.70
rpevzs,14.20
tiwgrw,20.80
baszib,13.40
wgwlgc,11.70
chkkzb,8.30
kirvxz,10.20
kqgnji,10.90
wjewec,11.00
qejgke,9.50
mnarfh,14.50
thzpwr,14.10
wlpmse,16.10
gkeosx,14.30
cmxfjs,11.70
hhcvhs,13.40
crckbi,9.60
uuxxoh,8.70
apnwnn,8.40
gnzvpg,12.80
ipbadu,10.50
pzgvaf,17.10
ezdmxm,18.40
ebxcix,15.40
uhujtd,10.80
imnqaz,11.80
lomkpk,14.90
zbktvd,12.60
atyccd,14.10
ihvryu,13.00
oqlzrk,13.40
pjzktr,15.20
jtakmj,16.10
pzndkc,17.80
cgpucu,14.90
lhtcoa,14.10
ojbdpw,12.70
psaeru,13.50
fpkicv,14.90
beyyzv,20.00
rnkudf,16.40
hrquib,17.70
mcetca,19.50
tgmqgj,20.20
rdvkhh,21.40
wujuzf,19.90
vvqazy,19.00
ikmsqj,19.10
eszgyr,19.10
tncolc,20.10
qryzis,19.90
zybfrs,19.60
lrcnus,23.20
ojwijc,29.80
kkxlrd,13.80
cramjs,13.30
ocfqqs,16.70
fzoadh,12.00
aafenn,14.60
iojlpy,21.40
cnkkye,23.00
yadnjf,23.70
rvrbin,25.00
brvevu,21.80
zaqhre,20.60
ahpdyo,21.20
lwbtbi,19.10
jfjsgs,20.60
dcnlxd,15.20
cfecla,7.00
knoloo,8.10
mayucj,13.60
rbqroo,20.10
livwwb,21.80
nbvfxa,24.50
nultjt,23.10
pmuumq,19.70
tbxphq,18.30
kjiqfo,21.20
swqkyn,17.50
cdwjla,16.80
otneas,22.40
poddms,20.60
oxezfj,23.90
yesmtj,22.00
vkqysw,11.90
